date,time,channels,format,files,post
2026-09-23,07:30,IG+FB,Single,01_sep23_readymade.png,I stopped selling readymade.
2026-09-24,07:30,IG+FB,Single,02_sep24_humour_winter-checklist.png,Winter Preparedness Checklist
2026-09-26,09:00,IG+FB,Carousel x6,03_sep26_comparison_offtheshelf_s1-s6.png,Off-the-shelf vs built for your shop
2026-09-27,19:00,IG+FB,Single,04_sep27_phone.png,New number 902-670-9297
2026-09-29,07:30,IG+FB,Reel,05_sep29_feature_signing_frame1/endcard.png + VIDEO,Signing flow
2026-10-01,07:30,IG+FB,Single,06_oct01_humour_dispatcher.png,Dispatcher's Last Words
2026-10-03,09:00,IG+FB,Carousel x5,07_oct03_comparison_jobber_s1-s5.png,Jobber comparison
2026-10-04,19:00,IG+FB,Single,08_oct04_clinic.png,Clinic front desk
2026-10-06,07:30,IG+FB,Reel,09_oct06_feature_missedcall_frame1/endcard.png + VIDEO,Missed-call text back
2026-10-08,07:30,IG+FB,Single,10_oct08_humour_audit.png,Business Process Audit
2026-10-10,09:00,IG+FB,Carousel x6,11_oct10_comparison_integrations_s1-s6.png,Integrations / I build the CRM
2026-10-11,19:00,IG+FB,Single,12_oct11_podcast.png,Podcast episode one
2026-10-13,07:30,IG+FB,Reel,13_oct13_feature_receipt_frame1/endcard.png + VIDEO,"Mark paid, receipt sends"
2026-10-15,07:30,IG+FB,Single,14_oct15_humour_translation.png,Customer Translation Guide
2026-10-17,09:00,IG+FB,Carousel x4,15_oct17_comparison_quickbooks_s1-s4.png,QuickBooks comparison
2026-10-18,19:00,IG+FB,Carousel x5,16_oct18_feature_howabuildworks_s1-s5.png,What a build looks like
2026-10-20,07:30,IG+FB,Reel,17_oct20_feature_requestform_frame1/endcard.png + VIDEO,Request form to route
2026-10-22,07:30,IG+FB,Single,18_oct22_humour_whiteboard.png,Manual Process Hall of Fame
