HOOK,BODY
First frost on the windshield.,"That's your invoice deadline, not a weather report."
Resolution: invoice the same day.,That's the whole list. It'll do more for you than the gym.
"Roses are red, the lot needs salt.",Romance is her driveway done before she wakes up.
"March: the snow leaves, the receivables stay.",Every year. Every single year.
Long weekend. Everyone's off.,You're quoting spring cleanups on your phone at the table.
This job has its ups and downs.,Mostly the tailgate.
Under the small-supplier threshold you don't charge HST.,Over it you do — and it back-dates if you're slow to notice.
Everybody's organized in September.,The kids got new binders. What did your route sheet get?
You're on the Starter plan. Forever.,Because Pro costs more than the problem ever did.
The estimate was verbal. So was the argument.,One of those you cannot win.
Scariest thing in the truck?,The glovebox. Nobody knows what's in there. Not even you.
“I'll remember” is a business plan.,It's just not a good one.
Your deposit policy is “depends how he seems.”,He seems fine. They all seem fine.
The route exists in three places.,"Your head, a text thread, and a napkin. All slightly different."
Blade runner.,"That's you. 4:40am, second coffee, no route sheet."
